index,text,score,difficulty_score,difficulty_strategy,difficulty,fold
0,I want togo home :(,-1,0.2603725492954254,roberta-mlm-loss,hard,0
1,i can feel that my dark eye rings are getting darker and darker now. i mean processing right now! argh :(,-1,0.4860814809799194,roberta-mlm-loss,hard,0
3,sitting next cute little toddlers on the subway always puts me in a good mood...but now I miss my niece and nephews :(,-1,0.1251522451639175,roberta-mlm-loss,medium,0
5,Haha! That's funy!!!! :) RT @melsie75: @jordanknight YAY! I feel like I just experienced the second coming of Jesus!!!!!,1,0.0187793001532554,roberta-mlm-loss,easy,0
10,@MattchewCorpuz because I always mess this up :(,-1,0.2819190621376037,roberta-mlm-loss,hard,0
14,@kuuipo1207 are their pigments good??? i dont have any occ stuff yet :(,-1,0.754766047000885,roberta-mlm-loss,hard,0
17,@Funkyheff I have no marketable skills. :(,-1,0.0043427692726254,roberta-mlm-loss,easy,0
21,I hate being sick its gay. :(,-1,0.1371072679758072,roberta-mlm-loss,medium,0
28,"SERIOUSLY wishing I wasn't at work right now. I just want bed, The Smiths, strawberries and sleep :(",-1,0.0112591190263628,roberta-mlm-loss,easy,0
29,Its depressing to watch my bank account get smaller and never bigger:( I need to get a job soon!,-1,0.9048011302947998,roberta-mlm-loss,hard,0
31,"airport tomorrow morning, can't wait, i get to see my japanese host student, i miss her! :(",-1,0.0362987741827964,roberta-mlm-loss,medium,0
33,"@EmmaLBishop Usually by this point I'm feeling slightly more human, but I feel the same, I just wanna stop shaking :(",-1,0.030909052118659,roberta-mlm-loss,medium,0
35,I'm at the Cinemar *all by myselfffffff*. I miss you :( x,-1,0.5338576436042786,roberta-mlm-loss,hard,0
38,I think my tummy is talking.. ):,-1,0.9864437580108644,roberta-mlm-loss,hard,0
40,@oritsuru I can't play the PS2 ones on my PS3 'cause i only got it in February :(,-1,0.0188557300716638,roberta-mlm-loss,easy,0
41,I think i have a sleeping disorder :(,-1,0.0027465454768389,roberta-mlm-loss,easy,0
42,Just realized I haven't ridden motorcycle in weeks :(,-1,0.0229713581502437,roberta-mlm-loss,easy,0
43,@mitchy1441 Chocolate & Cheesecake? Hmmm..Just don't let him try to gargle the peanut butter...I've tried...It just didn't work out :(,-1,0.004024073947221,roberta-mlm-loss,easy,0
48,@essteeyou Can't really. Will tough it out but cancelled on Chloe. Can't bear the thought of sniffling and feeling shitty through a film :(,-1,0.153781846165657,roberta-mlm-loss,medium,0
51,"@ririardana i'd love to! but my budget is not enough, i'm using ma own money! :(",-1,0.133939117193222,roberta-mlm-loss,medium,0
53,@kentruff I can't help the way I look :( LOL,1,0.004761375952512,roberta-mlm-loss,easy,0
55,ughh...tummy hurts :( on a better note the America's Most Wanted Tour=2morrow then Cedar Point is on Friday <3,-1,0.191368356347084,roberta-mlm-loss,medium,0
60,"@tommcfly please say hello to my, i need this, make me happy today xxxx eu te amo ): 11",-1,0.5375118851661682,roberta-mlm-loss,hard,0
65,"I thought grammar should matter whenever/however you communicate? I know, there are so many now who don't use it. :( @ButtercupD",-1,0.0764953196048736,roberta-mlm-loss,medium,0
66,I can't get out of bed :(,-1,0.0001243524893652,roberta-mlm-loss,easy,0
75,I also have a headache @KateCooperOwen and have also just been sick at work :(,-1,0.0012501714518293,roberta-mlm-loss,easy,0
76,Technology hates me. Third time this week i gotta take my laptop to the techs >:(,-1,0.1587204784154892,roberta-mlm-loss,medium,0
79,@guido38 I had to get rid of the pupp:(,-1,1.4400811195373535,roberta-mlm-loss,hard,0
82,"@deepNdistant I didn't see ANYTHING, and I was out at midnight and again at 4...:(",-1,0.123015820980072,roberta-mlm-loss,medium,0
87,& 4:03 A.M. is not a good time to be crying :( I should be asleep,-1,0.0173745602369308,roberta-mlm-loss,easy,0
90,"@DebbieFletcher and you'll come to Brazil with the money you win. We want you in Brazil Debbie, here's so cool, ask for tom ):",1,0.6113006472587585,roberta-mlm-loss,hard,0
91,around missing my baby :(,-1,2.192089319229126,roberta-mlm-loss,hard,0
92,"need my sunshine with me, here :(",-1,0.0154265528544783,roberta-mlm-loss,easy,0
94,going to take a shower; then fix some pizza . i miss my baby :( . texttt or call if you need me .,-1,0.6619399785995483,roberta-mlm-loss,hard,0
98,just realized I left my coffee in my car. have to run out and get it on break :(,-1,0.0081596653908491,roberta-mlm-loss,easy,0
99,@janemcmurry unfortunately he doesn't :( i might clone and sell him. you'd like his LOST halloween costume too--daniel faraday.,-1,0.2362548261880874,roberta-mlm-loss,hard,0
101,"First time cycling to work on consecutive days - heavy legs :-(. Also, yoghurt and raspberries do not = enough to cycle on",-1,0.2155839651823043,roberta-mlm-loss,hard,0
103,Hate being I'll at weekends...all my plans are out the window for soup and a sofa :-(,-1,0.0699484199285507,roberta-mlm-loss,medium,0
104,"It would be AWESOME if the wedding I'm in could be like this (sadly, it really won't): http://bit.ly/29W0C0",-1,0.0003649113059509,roberta-mlm-loss,easy,0
105,"That would make a funny T-shirt! RT @thebeadgirl: changing my name to ""dad""",1,0.0003558218304533,roberta-mlm-loss,easy,0
107,I've got Missy Higgins songs stuck in my head :(,-1,0.0003525356296449,roberta-mlm-loss,easy,0
108,@Bobby_Dore15 YEAH :( i dont even have the energy to think anymore.,-1,0.0045913499779999,roberta-mlm-loss,easy,0
109,"i miss my holidays like mad already, :(",-1,0.0002994565584231,roberta-mlm-loss,easy,0
110,there are so many films i haven't seen yet. :(,-1,0.001014381297864,roberta-mlm-loss,easy,0
115,God damn it. I want a fucking game night. I WANT TO PLAY ZE BOARD GAMES!,-1,0.0110930763185024,roberta-mlm-loss,easy,0
119,RT @isotopp: LOL @ http://twitpic.com/bcceq,1,0.1493192464113235,roberta-mlm-loss,medium,0
120,"@_yoyo I still dunno what I would put on it! lol... So far it would consist of pics & that's what flickrs for! But I like the name, I think.",1,0.5907087326049805,roberta-mlm-loss,hard,0
121,"@MaggaGyal loo, well then you had better grab some grub then. I love Zsa Zsa Gabor. So classy and stylish.",1,0.1053781658411026,roberta-mlm-loss,medium,0
122,"badmood badmood badmood -_- idk why, bcause I'm hungry or because bad hair daaay.",-1,0.1382902562618255,roberta-mlm-loss,medium,0
123,I can celebrate now... RT @smojica: Dropbox the iPhone app has dropped http://tinyurl.com/yko4dzg,1,0.3957038223743438,roberta-mlm-loss,hard,0
128,@AmieyAcula rednecks don't like our kind... LoL,1,0.0680631771683693,roberta-mlm-loss,medium,0
131,Can't wait to tackle @AmyPookers and @erynmichael in a hug in a few hours!! <33,1,0.2565238773822784,roberta-mlm-loss,hard,0
135,"@nieanadya I've heard it gets sad at times, but i'm still going to see it, it looks funny.. I usually see everything that comes out lol",1,0.0093961833044886,roberta-mlm-loss,easy,0
139,RT @BrookeAdamsTBG5: Everybody wish @mandyjiroux the best birthday ever! I love her so much!,1,0.1350504457950592,roberta-mlm-loss,medium,0
140,"Happy Thanksgiving to all who celebrate! It's a beautiful day here, clear and crisp. About to get my ""cook on"".",1,0.0032959741074591,roberta-mlm-loss,easy,0
149,@2Popetorn arrghh u r on twitter too!,-1,0.5095152258872986,roberta-mlm-loss,hard,0
152,"@s_lesley @orphesteude this is interesting being a sort of moderator between you two. sarah you text, i read to taylor over skype. fun times",1,0.1883492171764373,roberta-mlm-loss,medium,0
155,@jaronmc LOL it goes together nicely - see I'd have to rush onto my balcony to ge the shot and right now haz no pants,1,1.212079405784607,roberta-mlm-loss,hard,0
156,"luv it! RT @RobertGirandola when I was little, I used to draw on the walls, signed it with my brother's name-parents bought it for a while.",1,0.0290814824402332,roberta-mlm-loss,medium,0
157,RT @tqjones44: Conservatives & republicans R scared 2 death that their children may find out that their parents R BAT SHIT CRAZY! #gop #tcot,-1,0.2049372643232345,roberta-mlm-loss,hard,0
159,@rajeshlalwani ah woh toh hain. I felt that too. But then Twitter is an outlet no? Throwing some ++++++++ve energy at you. :-),1,0.1425485908985138,roberta-mlm-loss,medium,0
160,@AHisme Haha! I think they're all worth it - British guys are extremely talented and extremely charming.:),1,0.0307918507605791,roberta-mlm-loss,medium,0
162,@makemeup82 I'm going to do Lucy next year for Halloween :),1,0.0798164382576942,roberta-mlm-loss,medium,0
166,"and in case you don't know, i'm on omegle. :)",1,0.0020383044611662,roberta-mlm-loss,easy,0
167,Im talking to myself. Haha. See what its come to. Lol. :),1,0.2609841525554657,roberta-mlm-loss,hard,0
173,"RT @Mulator: 5 minutes until we hear the sweet music of ""He Shoots....HE SCORES!",1,0.5466480851173401,roberta-mlm-loss,hard,0
174,http://twitpic.com/ear75 - Mmm desert :),1,0.0871283188462257,roberta-mlm-loss,medium,0
181,@Mircea_Popescu i'll do my best:),1,0.0027547753416001,roberta-mlm-loss,easy,0
184,@JeffTimmons98 Did u talk about me? lol I was hoping to hear ur voice too. Do another BT instead:) loveya,1,0.3788279891014099,roberta-mlm-loss,hard,0
186,@MarvetBritto it definitely is! You should have a book of all your 'PR Gems' I always read them 2 my class & my teacher loves them! :),1,0.4563272297382355,roberta-mlm-loss,hard,0
187,@jackieloi wah! died ah.. I mean.. Diet ah? :D,1,0.3383094668388366,roberta-mlm-loss,hard,0
189,@mitchelmusso - Britney does! (: Hahaha. And why don't you just go to 2010? That's one more person you can make happy! (:,1,0.2827215194702148,roberta-mlm-loss,hard,0
197,@natassiachloe HAHAH yeshh thankss tass :) http://myloc.me/CpJ8,1,0.0929716825485229,roberta-mlm-loss,medium,0
199,"OK yeah hahah so I am back state fair, i am frekin tired it is time to go back to bed again lol!!! =)",1,0.0644758567214012,roberta-mlm-loss,medium,0
206,"@jagz112 yeah,he was around most of my life,he holds a huge special meaning to me.nice to meet you by the way:)",1,0.0630660951137542,roberta-mlm-loss,medium,0
214,Lots of children crying at school today - surprisingly Anya wasn't one of them. I got a big super huge hug though :),1,0.0033006840385496,roberta-mlm-loss,easy,0
219,"@ddlovato hey, I just wanted to no when your doing another live facebook vid? :)) lub ya!",1,0.6187757849693298,roberta-mlm-loss,hard,0
222,@queenmotherblog I will keep my fingers crossed for you! hehe :),1,0.0055953259579837,roberta-mlm-loss,easy,0
223,"@hollymadison123 hi holly, im a big fan from england, just wanted to say hey and hope your doing well :) . please reply xo",1,0.0047060633078217,roberta-mlm-loss,easy,0
224,Such a fun and beautiful dinner.. Thx to my hub @indraputra and all my friends. xoxo :),1,0.1180227622389793,roberta-mlm-loss,medium,0
225,I got my new phone! It's beautiful!!! ...and I already want a new one. =),1,0.0156004894524812,roberta-mlm-loss,easy,0
229,"i am currently joining twitter because my beautiful andrea told me it was amazing, lol (:",1,0.0891346707940101,roberta-mlm-loss,medium,0
230,RT @spiceee:happy 09/09/09! http://bit.ly/lxvrP,1,0.4173128008842468,roberta-mlm-loss,hard,0
232,"Yes you are, you are my favorite one. :)",1,0.0025216268841177,roberta-mlm-loss,easy,0
233,"@violetposy Yep...I'm on it...looking right now. I'll get a few for your expert opinion! :) Again, you ROCK the HOUSE!!!",1,0.0375920683145523,roberta-mlm-loss,medium,0
235,The last 2009 .huhuu. Great year ever! and full of memory :),1,0.085435152053833,roberta-mlm-loss,medium,0
236,@jawshoouh well you have lexy and carolyn and me and bree and hannah. we're your friends :D,1,0.3843640387058258,roberta-mlm-loss,hard,0
239,@JeanineDeal @DREAamara @HappyPrettyYou @ReikiAwakening @salesquotes @vinilereu @michaelmagical @Jake_DI244 thanks for the love friends =),1,0.4968768358230591,roberta-mlm-loss,hard,0
248,@five15design I bought an Orinoco when I was in the UK years ago - he does rock! :-),1,0.6241857409477234,roberta-mlm-loss,hard,0
250,@XPR Hope you enjoy the Vitamin D. :),1,0.2989427447319031,roberta-mlm-loss,hard,0
257,"@MarcoShaw :) well when I get settled, maybe I'll get one to ""splinter"" from IT Pro or a coffee and Code :)",1,0.2954312264919281,roberta-mlm-loss,hard,0
264,@poetryinsepia HAHAHA okay love. i understand. (:,1,0.5208982229232788,roberta-mlm-loss,hard,0
275,"@JkGirlAllTheWay well, i just think it's cool that we both love nkotb, etc! we have stuff in common! :)",1,0.0079025188460946,roberta-mlm-loss,easy,0
276,@kieronrichardso you dont look nothing like joe lol hope your ok :),1,0.0325462706387043,roberta-mlm-loss,medium,0
277,@MillaJovovich lol - well thats good news :D how far into RE are you now? x,1,0.0249951146543025,roberta-mlm-loss,easy,0
